budget,target,rank,expr,value,cost,rel_err,family,sibling_or_trash
20,g_decode_alpha_ge,1,(((3 * exp(e))^-3)^3)^3,1.7510016967113454e-45,17,0.00046106794087053026,pow,TRASH_BROAD_GRAMMAR
20,g_decode_alpha_ge,2,(((3 * exp(e))^3)^-3)^3,1.7510016967113448e-45,17,0.0004610679408708855,pow,TRASH_BROAD_GRAMMAR
20,g_decode_alpha_ge,3,(((3 * exp(e))^3)^3)^-3,1.7510016967113445e-45,17,0.0004610679408710631,pow,TRASH_BROAD_GRAMMAR
20,g_decode_alpha_ge,4,((((2 * alpha)^2)^2)^2)^3 * 1/5,1.744688108680157e-45,18,0.004065106160826503,mul,TRASH_BROAD_GRAMMAR
20,g_decode_alpha_ge,5,((((2 * alpha)^2)^2)^3)^2 * 1/5,1.744688108680157e-45,18,0.004065106160826503,mul,TRASH_BROAD_GRAMMAR
20,g_decode_alpha_ge,6,((((2 * alpha)^2)^3)^2)^2 * 1/5,1.7446881086801566e-45,18,0.00406510616082668,mul,TRASH_BROAD_GRAMMAR
20,g_decode_alpha_ge,7,((((2 * alpha)^3)^2)^2)^2 * 1/5,1.7446881086801566e-45,18,0.00406510616082668,mul,TRASH_BROAD_GRAMMAR
20,g_decode_alpha_ge,8,(((2/3)-(1))^-1 + 3 * e)^3,1.7591145028501428e-45,18,0.004170032987932932,pow,TRASH_BROAD_GRAMMAR
20,g_decode_alpha_ge,9,(((alpha)^-2)^3 * (5)^3)^-3,1.762973941564679e-45,18,0.006373148643571824,pow,TRASH_BROAD_GRAMMAR
20,g_decode_alpha_ge,10,(((5)/((alpha)^2))^-3)^3,1.7629739415646795e-45,15,0.006373148643572179,pow,TRASH_BROAD_GRAMMAR
20,g_decode_alpha_ge,11,(1)/((((5)/((alpha)^2))^3)^3),1.7629739415646795e-45,17,0.006373148643572179,div,TRASH_BROAD_GRAMMAR
20,g_decode_alpha_ge,12,(1)/((((alpha)^-2 * 5)^3)^3),1.7629739415646795e-45,18,0.006373148643572179,div,TRASH_BROAD_GRAMMAR
20,g_decode_alpha_ge,13,(((5)/((alpha)^2))^3)^-3,1.7629739415646798e-45,15,0.006373148643572357,pow,TRASH_BROAD_GRAMMAR
20,g_decode_alpha_ge,14,(((alpha)^-2 * 5)^3)^-3,1.7629739415646798e-45,16,0.006373148643572357,pow,TRASH_BROAD_GRAMMAR
20,g_decode_alpha_ge,15,(((alpha)^2)^-3 * (5)^3)^-3,1.7629739415646798e-45,18,0.006373148643572357,pow,TRASH_BROAD_GRAMMAR
20,g_decode_alpha_ge,16,((((alpha)^2)/(5))^3)^3,1.7629739415646804e-45,14,0.006373148643572712,pow,TRASH_BROAD_GRAMMAR
20,g_decode_alpha_ge,17,(((alpha)^2 * 1/5)^3)^3,1.7629739415646804e-45,14,0.006373148643572712,pow,TRASH_BROAD_GRAMMAR
20,g_decode_alpha_ge,18,((((alpha)^2)/((1/5)^-1))^3)^3,1.7629739415646804e-45,15,0.006373148643572712,pow,TRASH_BROAD_GRAMMAR
20,g_decode_alpha_ge,19,(((alpha)^2)^3 * (5)^-3)^3,1.7629739415646804e-45,17,0.006373148643572712,pow,TRASH_BROAD_GRAMMAR
20,g_decode_alpha_ge,20,(((alpha)^3)^2 * (5)^-3)^3,1.7629739415646804e-45,17,0.006373148643572712,pow,TRASH_BROAD_GRAMMAR
20,g_decode_alpha_ge,21,((((alpha)^2)/(5))^-3)^-3,1.7629739415646808e-45,16,0.00637314864357289,pow,TRASH_BROAD_GRAMMAR
20,g_decode_alpha_ge,22,(((alpha)^2 * 1/5)^-3)^-3,1.7629739415646808e-45,16,0.00637314864357289,pow,TRASH_BROAD_GRAMMAR
20,g_decode_alpha_ge,23,(((alpha)^-3)^2 * (5)^3)^-3,1.7629739415646808e-45,18,0.00637314864357289,pow,TRASH_BROAD_GRAMMAR
20,g_decode_alpha_ge,24,(((alpha)^3)^3)^2 * ((1/5)^3)^3,1.7629739415646814e-45,18,0.006373148643573245,mul,TRASH_BROAD_GRAMMAR
20,g_decode_alpha_ge,25,(((alpha)^2)^3)^3 * ((1/5)^3)^3,1.7629739415646817e-45,18,0.006373148643573422,mul,TRASH_BROAD_GRAMMAR
30,g_decode_alpha_ge,1,4/3 * alpha^21 * exp((-5/2)*alpha),1.751812647547939e-45,28,1.8539024855725e-6,alpha_exp_family,CANONICAL_G
30,g_decode_alpha_ge,2,(((3 * exp(e))^-3)^3)^3,1.7510016967113454e-45,17,0.00046106794087053026,pow,TRASH_BROAD_GRAMMAR
30,g_decode_alpha_ge,3,(((3 * exp(e))^3)^-3)^3,1.7510016967113448e-45,17,0.0004610679408708855,pow,TRASH_BROAD_GRAMMAR
30,g_decode_alpha_ge,4,(((3 * exp(e))^3)^3)^-3,1.7510016967113445e-45,17,0.0004610679408710631,pow,TRASH_BROAD_GRAMMAR
30,g_decode_alpha_ge,5,4/3 * alpha^21 * exp((-3)*alpha),1.7454324969160046e-45,26,0.0036401808031332346,alpha_exp_family,SIBLING_LOCAL_DEFORMATION
30,g_decode_alpha_ge,6,4/3 * alpha^21 * exp((-2)*alpha),1.758216119804833e-45,26,0.003657201486184264,alpha_exp_family,SIBLING_LOCAL_DEFORMATION
30,g_decode_alpha_ge,7,((((2 * alpha)^2)^2)^2)^3 * 1/5,1.744688108680157e-45,18,0.004065106160826503,mul,TRASH_BROAD_GRAMMAR
30,g_decode_alpha_ge,8,((((2 * alpha)^2)^2)^3)^2 * 1/5,1.744688108680157e-45,18,0.004065106160826503,mul,TRASH_BROAD_GRAMMAR
30,g_decode_alpha_ge,9,((((2 * alpha)^2)^3)^2)^2 * 1/5,1.7446881086801566e-45,18,0.00406510616082668,mul,TRASH_BROAD_GRAMMAR
30,g_decode_alpha_ge,10,((((2 * alpha)^3)^2)^2)^2 * 1/5,1.7446881086801566e-45,18,0.00406510616082668,mul,TRASH_BROAD_GRAMMAR
30,g_decode_alpha_ge,11,(((2/3)-(1))^-1 + 3 * e)^3,1.7591145028501428e-45,18,0.004170032987932932,pow,TRASH_BROAD_GRAMMAR
30,g_decode_alpha_ge,12,(((alpha)^-2)^3 * (5)^3)^-3,1.762973941564679e-45,18,0.006373148643571824,pow,TRASH_BROAD_GRAMMAR
30,g_decode_alpha_ge,13,(((5)/((alpha)^2))^-3)^3,1.7629739415646795e-45,15,0.006373148643572179,pow,TRASH_BROAD_GRAMMAR
30,g_decode_alpha_ge,14,(1)/((((5)/((alpha)^2))^3)^3),1.7629739415646795e-45,17,0.006373148643572179,div,TRASH_BROAD_GRAMMAR
30,g_decode_alpha_ge,15,(1)/((((alpha)^-2 * 5)^3)^3),1.7629739415646795e-45,18,0.006373148643572179,div,TRASH_BROAD_GRAMMAR
30,g_decode_alpha_ge,16,(((5)/((alpha)^2))^3)^-3,1.7629739415646798e-45,15,0.006373148643572357,pow,TRASH_BROAD_GRAMMAR
30,g_decode_alpha_ge,17,(((alpha)^-2 * 5)^3)^-3,1.7629739415646798e-45,16,0.006373148643572357,pow,TRASH_BROAD_GRAMMAR
30,g_decode_alpha_ge,18,(((alpha)^2)^-3 * (5)^3)^-3,1.7629739415646798e-45,18,0.006373148643572357,pow,TRASH_BROAD_GRAMMAR
30,g_decode_alpha_ge,19,((((alpha)^2)/(5))^3)^3,1.7629739415646804e-45,14,0.006373148643572712,pow,TRASH_BROAD_GRAMMAR
30,g_decode_alpha_ge,20,(((alpha)^2 * 1/5)^3)^3,1.7629739415646804e-45,14,0.006373148643572712,pow,TRASH_BROAD_GRAMMAR
30,g_decode_alpha_ge,21,((((alpha)^2)/((1/5)^-1))^3)^3,1.7629739415646804e-45,15,0.006373148643572712,pow,TRASH_BROAD_GRAMMAR
30,g_decode_alpha_ge,22,(((alpha)^2)^3 * (5)^-3)^3,1.7629739415646804e-45,17,0.006373148643572712,pow,TRASH_BROAD_GRAMMAR
30,g_decode_alpha_ge,23,(((alpha)^3)^2 * (5)^-3)^3,1.7629739415646804e-45,17,0.006373148643572712,pow,TRASH_BROAD_GRAMMAR
30,g_decode_alpha_ge,24,((((alpha)^2)/(5))^-3)^-3,1.7629739415646808e-45,16,0.00637314864357289,pow,TRASH_BROAD_GRAMMAR
30,g_decode_alpha_ge,25,(((alpha)^2 * 1/5)^-3)^-3,1.7629739415646808e-45,16,0.00637314864357289,pow,TRASH_BROAD_GRAMMAR
40,g_decode_alpha_ge,1,4/3 * alpha^21 * exp((-5/2)*alpha),1.751812647547939e-45,28,1.8539024855725e-6,alpha_exp_family,CANONICAL_G
40,g_decode_alpha_ge,2,(((3 * exp(e))^-3)^3)^3,1.7510016967113454e-45,17,0.00046106794087053026,pow,TRASH_BROAD_GRAMMAR
40,g_decode_alpha_ge,3,(((3 * exp(e))^3)^-3)^3,1.7510016967113448e-45,17,0.0004610679408708855,pow,TRASH_BROAD_GRAMMAR
40,g_decode_alpha_ge,4,(((3 * exp(e))^3)^3)^-3,1.7510016967113445e-45,17,0.0004610679408710631,pow,TRASH_BROAD_GRAMMAR
40,g_decode_alpha_ge,5,4/3 * alpha^21 * exp((-3)*alpha),1.7454324969160046e-45,26,0.0036401808031332346,alpha_exp_family,SIBLING_LOCAL_DEFORMATION
40,g_decode_alpha_ge,6,4/3 * alpha^21 * exp((-2)*alpha),1.758216119804833e-45,26,0.003657201486184264,alpha_exp_family,SIBLING_LOCAL_DEFORMATION
40,g_decode_alpha_ge,7,((((2 * alpha)^2)^2)^2)^3 * 1/5,1.744688108680157e-45,18,0.004065106160826503,mul,TRASH_BROAD_GRAMMAR
40,g_decode_alpha_ge,8,((((2 * alpha)^2)^2)^3)^2 * 1/5,1.744688108680157e-45,18,0.004065106160826503,mul,TRASH_BROAD_GRAMMAR
40,g_decode_alpha_ge,9,((((2 * alpha)^2)^3)^2)^2 * 1/5,1.7446881086801566e-45,18,0.00406510616082668,mul,TRASH_BROAD_GRAMMAR
40,g_decode_alpha_ge,10,((((2 * alpha)^3)^2)^2)^2 * 1/5,1.7446881086801566e-45,18,0.00406510616082668,mul,TRASH_BROAD_GRAMMAR
40,g_decode_alpha_ge,11,(((2/3)-(1))^-1 + 3 * e)^3,1.7591145028501428e-45,18,0.004170032987932932,pow,TRASH_BROAD_GRAMMAR
40,g_decode_alpha_ge,12,(((alpha)^-2)^3 * (5)^3)^-3,1.762973941564679e-45,18,0.006373148643571824,pow,TRASH_BROAD_GRAMMAR
40,g_decode_alpha_ge,13,(((5)/((alpha)^2))^-3)^3,1.7629739415646795e-45,15,0.006373148643572179,pow,TRASH_BROAD_GRAMMAR
40,g_decode_alpha_ge,14,(1)/((((5)/((alpha)^2))^3)^3),1.7629739415646795e-45,17,0.006373148643572179,div,TRASH_BROAD_GRAMMAR
40,g_decode_alpha_ge,15,(1)/((((alpha)^-2 * 5)^3)^3),1.7629739415646795e-45,18,0.006373148643572179,div,TRASH_BROAD_GRAMMAR
40,g_decode_alpha_ge,16,(((5)/((alpha)^2))^3)^-3,1.7629739415646798e-45,15,0.006373148643572357,pow,TRASH_BROAD_GRAMMAR
40,g_decode_alpha_ge,17,(((alpha)^-2 * 5)^3)^-3,1.7629739415646798e-45,16,0.006373148643572357,pow,TRASH_BROAD_GRAMMAR
40,g_decode_alpha_ge,18,(((alpha)^2)^-3 * (5)^3)^-3,1.7629739415646798e-45,18,0.006373148643572357,pow,TRASH_BROAD_GRAMMAR
40,g_decode_alpha_ge,19,((((alpha)^2)/(5))^3)^3,1.7629739415646804e-45,14,0.006373148643572712,pow,TRASH_BROAD_GRAMMAR
40,g_decode_alpha_ge,20,(((alpha)^2 * 1/5)^3)^3,1.7629739415646804e-45,14,0.006373148643572712,pow,TRASH_BROAD_GRAMMAR
40,g_decode_alpha_ge,21,((((alpha)^2)/((1/5)^-1))^3)^3,1.7629739415646804e-45,15,0.006373148643572712,pow,TRASH_BROAD_GRAMMAR
40,g_decode_alpha_ge,22,(((alpha)^2)^3 * (5)^-3)^3,1.7629739415646804e-45,17,0.006373148643572712,pow,TRASH_BROAD_GRAMMAR
40,g_decode_alpha_ge,23,(((alpha)^3)^2 * (5)^-3)^3,1.7629739415646804e-45,17,0.006373148643572712,pow,TRASH_BROAD_GRAMMAR
40,g_decode_alpha_ge,24,((((alpha)^2)/(5))^-3)^-3,1.7629739415646808e-45,16,0.00637314864357289,pow,TRASH_BROAD_GRAMMAR
40,g_decode_alpha_ge,25,(((alpha)^2 * 1/5)^-3)^-3,1.7629739415646808e-45,16,0.00637314864357289,pow,TRASH_BROAD_GRAMMAR
20,mw_over_mz,1,(exp((1)-((e)^-1)))-(1),0.8815963875316455,13,7.530944113694482e-5,sub,TRASH_BROAD_GRAMMAR
20,mw_over_mz,2,(3)-(e) + 3/5,0.8817181715409549,13,0.0002134601669311892,add,TRASH_BROAD_GRAMMAR
20,mw_over_mz,3,(3 + 3/5)-(e),0.881718171540955,13,0.00021346016693131513,sub,TRASH_BROAD_GRAMMAR
20,mw_over_mz,4,(4)-(2/5 + e),0.881718171540955,14,0.00021346016693131513,sub,TRASH_BROAD_GRAMMAR
20,mw_over_mz,5,exp(((log(((pi)^-1)^-1))^-1)-(1)),0.8812345356838778,15,0.0003351721621751529,exp,TRASH_BROAD_GRAMMAR
20,mw_over_mz,6,((e)^-2 + 1)^-1,0.8807970779778823,9,0.000831420396489877,pow,TRASH_BROAD_GRAMMAR
20,mw_over_mz,7,(1/3 + 4/5)^-1,0.8823529411764706,11,0.0009335373458311416,pow,TRASH_BROAD_GRAMMAR
20,mw_over_mz,8,(5)/(4 + 5/3),0.8823529411764706,15,0.0009335373458311416,div,TRASH_BROAD_GRAMMAR
20,mw_over_mz,9,log(3/4 + 5/3),0.8823891801984738,14,0.0009746465786459364,log,TRASH_BROAD_GRAMMAR
20,mw_over_mz,10,(exp((1/2)^3))^-1,0.8824969025845953,9,0.0010968459208368499,pow,TRASH_BROAD_GRAMMAR
20,mw_over_mz,11,exp(((1/2)-(1))^3),0.8824969025845955,11,0.0010968459208369758,exp,TRASH_BROAD_GRAMMAR
20,mw_over_mz,12,exp(((1)-((3)^2))^-1),0.8824969025845955,11,0.0010968459208369758,exp,TRASH_BROAD_GRAMMAR
20,mw_over_mz,13,exp(((1)-(3))^-3),0.8824969025845955,12,0.0010968459208369758,exp,TRASH_BROAD_GRAMMAR
20,mw_over_mz,14,exp(((1)-(3/2))^3),0.8824969025845955,12,0.0010968459208369758,exp,TRASH_BROAD_GRAMMAR
20,mw_over_mz,15,exp(((1)-((1/3)^-2))^-1),0.8824969025845955,12,0.0010968459208369758,exp,TRASH_BROAD_GRAMMAR
20,mw_over_mz,16,exp((((1)^2)-((3)^2))^-1),0.8824969025845955,12,0.0010968459208369758,exp,TRASH_BROAD_GRAMMAR
20,mw_over_mz,17,exp((((1)^-1)-((3)^2))^-1),0.8824969025845955,12,0.0010968459208369758,exp,TRASH_BROAD_GRAMMAR
20,mw_over_mz,18,exp(((2/4)-(1))^3),0.8824969025845955,13,0.0010968459208369758,exp,TRASH_BROAD_GRAMMAR
20,mw_over_mz,19,exp(((3/2)-(2))^3),0.8824969025845955,13,0.0010968459208369758,exp,TRASH_BROAD_GRAMMAR
20,mw_over_mz,20,exp(((2)-(4))^-3),0.8824969025845955,14,0.0010968459208369758,exp,TRASH_BROAD_GRAMMAR
20,mw_over_mz,21,exp(((3)-(5))^-3),0.8824969025845955,14,0.0010968459208369758,exp,TRASH_BROAD_GRAMMAR
20,mw_over_mz,22,exp(((2)-(5/2))^3),0.8824969025845955,14,0.0010968459208369758,exp,TRASH_BROAD_GRAMMAR
20,mw_over_mz,23,exp(((5/2)-(3))^3),0.8824969025845955,14,0.0010968459208369758,exp,TRASH_BROAD_GRAMMAR
20,mw_over_mz,24,exp((((1/3)^2)-(1))^-1 + 1),0.8824969025845955,14,0.0010968459208369758,exp,TRASH_BROAD_GRAMMAR
20,mw_over_mz,25,exp((((1/3)^2)-(1))^-1 + (1)^2),0.8824969025845955,15,0.0010968459208369758,exp,TRASH_BROAD_GRAMMAR
30,mw_over_mz,1,(exp((1)-((e)^-1)))-(1),0.8815963875316455,13,7.530944113694482e-5,sub,TRASH_BROAD_GRAMMAR
30,mw_over_mz,2,(3)-(e) + 3/5,0.8817181715409549,13,0.0002134601669311892,add,TRASH_BROAD_GRAMMAR
30,mw_over_mz,3,(3 + 3/5)-(e),0.881718171540955,13,0.00021346016693131513,sub,TRASH_BROAD_GRAMMAR
30,mw_over_mz,4,(4)-(2/5 + e),0.881718171540955,14,0.00021346016693131513,sub,TRASH_BROAD_GRAMMAR
30,mw_over_mz,5,exp(((log(((pi)^-1)^-1))^-1)-(1)),0.8812345356838778,15,0.0003351721621751529,exp,TRASH_BROAD_GRAMMAR
30,mw_over_mz,6,((e)^-2 + 1)^-1,0.8807970779778823,9,0.000831420396489877,pow,TRASH_BROAD_GRAMMAR
30,mw_over_mz,7,(1/3 + 4/5)^-1,0.8823529411764706,11,0.0009335373458311416,pow,TRASH_BROAD_GRAMMAR
30,mw_over_mz,8,(5)/(4 + 5/3),0.8823529411764706,15,0.0009335373458311416,div,TRASH_BROAD_GRAMMAR
30,mw_over_mz,9,log(3/4 + 5/3),0.8823891801984738,14,0.0009746465786459364,log,TRASH_BROAD_GRAMMAR
30,mw_over_mz,10,(exp((1/2)^3))^-1,0.8824969025845953,9,0.0010968459208368499,pow,TRASH_BROAD_GRAMMAR
30,mw_over_mz,11,exp(((1/2)-(1))^3),0.8824969025845955,11,0.0010968459208369758,exp,TRASH_BROAD_GRAMMAR
30,mw_over_mz,12,exp(((1)-((3)^2))^-1),0.8824969025845955,11,0.0010968459208369758,exp,TRASH_BROAD_GRAMMAR
30,mw_over_mz,13,exp(((1)-(3))^-3),0.8824969025845955,12,0.0010968459208369758,exp,TRASH_BROAD_GRAMMAR
30,mw_over_mz,14,exp(((1)-(3/2))^3),0.8824969025845955,12,0.0010968459208369758,exp,TRASH_BROAD_GRAMMAR
30,mw_over_mz,15,exp(((1)-((1/3)^-2))^-1),0.8824969025845955,12,0.0010968459208369758,exp,TRASH_BROAD_GRAMMAR
30,mw_over_mz,16,exp((((1)^2)-((3)^2))^-1),0.8824969025845955,12,0.0010968459208369758,exp,TRASH_BROAD_GRAMMAR
30,mw_over_mz,17,exp((((1)^-1)-((3)^2))^-1),0.8824969025845955,12,0.0010968459208369758,exp,TRASH_BROAD_GRAMMAR
30,mw_over_mz,18,exp(((2/4)-(1))^3),0.8824969025845955,13,0.0010968459208369758,exp,TRASH_BROAD_GRAMMAR
30,mw_over_mz,19,exp(((3/2)-(2))^3),0.8824969025845955,13,0.0010968459208369758,exp,TRASH_BROAD_GRAMMAR
30,mw_over_mz,20,exp(((2)-(4))^-3),0.8824969025845955,14,0.0010968459208369758,exp,TRASH_BROAD_GRAMMAR
30,mw_over_mz,21,exp(((3)-(5))^-3),0.8824969025845955,14,0.0010968459208369758,exp,TRASH_BROAD_GRAMMAR
30,mw_over_mz,22,exp(((2)-(5/2))^3),0.8824969025845955,14,0.0010968459208369758,exp,TRASH_BROAD_GRAMMAR
30,mw_over_mz,23,exp(((5/2)-(3))^3),0.8824969025845955,14,0.0010968459208369758,exp,TRASH_BROAD_GRAMMAR
30,mw_over_mz,24,exp((((1/3)^2)-(1))^-1 + 1),0.8824969025845955,14,0.0010968459208369758,exp,TRASH_BROAD_GRAMMAR
30,mw_over_mz,25,exp((((1/3)^2)-(1))^-1 + (1)^2),0.8824969025845955,15,0.0010968459208369758,exp,TRASH_BROAD_GRAMMAR
40,mw_over_mz,1,(exp((1)-((e)^-1)))-(1),0.8815963875316455,13,7.530944113694482e-5,sub,TRASH_BROAD_GRAMMAR
40,mw_over_mz,2,(3)-(e) + 3/5,0.8817181715409549,13,0.0002134601669311892,add,TRASH_BROAD_GRAMMAR
40,mw_over_mz,3,(3 + 3/5)-(e),0.881718171540955,13,0.00021346016693131513,sub,TRASH_BROAD_GRAMMAR
40,mw_over_mz,4,(4)-(2/5 + e),0.881718171540955,14,0.00021346016693131513,sub,TRASH_BROAD_GRAMMAR
40,mw_over_mz,5,exp(((log(((pi)^-1)^-1))^-1)-(1)),0.8812345356838778,15,0.0003351721621751529,exp,TRASH_BROAD_GRAMMAR
40,mw_over_mz,6,((e)^-2 + 1)^-1,0.8807970779778823,9,0.000831420396489877,pow,TRASH_BROAD_GRAMMAR
40,mw_over_mz,7,(1/3 + 4/5)^-1,0.8823529411764706,11,0.0009335373458311416,pow,TRASH_BROAD_GRAMMAR
40,mw_over_mz,8,(5)/(4 + 5/3),0.8823529411764706,15,0.0009335373458311416,div,TRASH_BROAD_GRAMMAR
40,mw_over_mz,9,log(3/4 + 5/3),0.8823891801984738,14,0.0009746465786459364,log,TRASH_BROAD_GRAMMAR
40,mw_over_mz,10,(exp((1/2)^3))^-1,0.8824969025845953,9,0.0010968459208368499,pow,TRASH_BROAD_GRAMMAR
40,mw_over_mz,11,exp(((1/2)-(1))^3),0.8824969025845955,11,0.0010968459208369758,exp,TRASH_BROAD_GRAMMAR
40,mw_over_mz,12,exp(((1)-((3)^2))^-1),0.8824969025845955,11,0.0010968459208369758,exp,TRASH_BROAD_GRAMMAR
40,mw_over_mz,13,exp(((1)-(3))^-3),0.8824969025845955,12,0.0010968459208369758,exp,TRASH_BROAD_GRAMMAR
40,mw_over_mz,14,exp(((1)-(3/2))^3),0.8824969025845955,12,0.0010968459208369758,exp,TRASH_BROAD_GRAMMAR
40,mw_over_mz,15,exp(((1)-((1/3)^-2))^-1),0.8824969025845955,12,0.0010968459208369758,exp,TRASH_BROAD_GRAMMAR
40,mw_over_mz,16,exp((((1)^2)-((3)^2))^-1),0.8824969025845955,12,0.0010968459208369758,exp,TRASH_BROAD_GRAMMAR
40,mw_over_mz,17,exp((((1)^-1)-((3)^2))^-1),0.8824969025845955,12,0.0010968459208369758,exp,TRASH_BROAD_GRAMMAR
40,mw_over_mz,18,exp(((2/4)-(1))^3),0.8824969025845955,13,0.0010968459208369758,exp,TRASH_BROAD_GRAMMAR
40,mw_over_mz,19,exp(((3/2)-(2))^3),0.8824969025845955,13,0.0010968459208369758,exp,TRASH_BROAD_GRAMMAR
40,mw_over_mz,20,exp(((2)-(4))^-3),0.8824969025845955,14,0.0010968459208369758,exp,TRASH_BROAD_GRAMMAR
40,mw_over_mz,21,exp(((3)-(5))^-3),0.8824969025845955,14,0.0010968459208369758,exp,TRASH_BROAD_GRAMMAR
40,mw_over_mz,22,exp(((2)-(5/2))^3),0.8824969025845955,14,0.0010968459208369758,exp,TRASH_BROAD_GRAMMAR
40,mw_over_mz,23,exp(((5/2)-(3))^3),0.8824969025845955,14,0.0010968459208369758,exp,TRASH_BROAD_GRAMMAR
40,mw_over_mz,24,exp((((1/3)^2)-(1))^-1 + 1),0.8824969025845955,14,0.0010968459208369758,exp,TRASH_BROAD_GRAMMAR
40,mw_over_mz,25,exp((((1/3)^2)-(1))^-1 + (1)^2),0.8824969025845955,15,0.0010968459208369758,exp,TRASH_BROAD_GRAMMAR
20,lambda_e2_over_mec2,1,(((((5)^2)^2)^3)^3 * e)^-3,1.6156827417632415e-77,17,0.0049814518637630424,pow,TRASH_BROAD_GRAMMAR
20,lambda_e2_over_mec2,2,(((((5)^2)^3)^2)^3 * e)^-3,1.6156827417632415e-77,17,0.0049814518637630424,pow,TRASH_BROAD_GRAMMAR
20,lambda_e2_over_mec2,3,(((((5)^2)^3)^3)^2 * e)^-3,1.6156827417632415e-77,17,0.0049814518637630424,pow,TRASH_BROAD_GRAMMAR
20,lambda_e2_over_mec2,4,(((((5)^3)^2)^2)^3 * e)^-3,1.6156827417632415e-77,17,0.0049814518637630424,pow,TRASH_BROAD_GRAMMAR
20,lambda_e2_over_mec2,5,(((((5)^3)^2)^3)^2 * e)^-3,1.6156827417632415e-77,17,0.0049814518637630424,pow,TRASH_BROAD_GRAMMAR
20,lambda_e2_over_mec2,6,(((((5)^3)^3)^2)^2 * e)^-3,1.6156827417632415e-77,17,0.0049814518637630424,pow,TRASH_BROAD_GRAMMAR
20,lambda_e2_over_mec2,7,((((((5)^-3)^2)^3)^2)/(e))^3,1.6156827417632406e-77,17,0.004981451863763633,pow,TRASH_BROAD_GRAMMAR
20,lambda_e2_over_mec2,8,(pi)/((((((3)^-3)^-3)^3)^3)^2),1.59774183968671e-77,18,0.01603036008999243,div,TRASH_BROAD_GRAMMAR
20,lambda_e2_over_mec2,9,(pi)/((((((3)^-3)^-3)^3)^2)^3),1.5977418396867097e-77,18,0.016030360089992667,div,TRASH_BROAD_GRAMMAR
20,lambda_e2_over_mec2,10,(pi)/((((((3)^-3)^2)^3)^-3)^3),1.5977418396867097e-77,18,0.016030360089992667,div,TRASH_BROAD_GRAMMAR
20,lambda_e2_over_mec2,11,(pi)/((((((3)^-3)^3)^2)^-3)^3),1.5977418396867097e-77,18,0.016030360089992667,div,TRASH_BROAD_GRAMMAR
20,lambda_e2_over_mec2,12,(pi)/((((((3)^-3)^3)^3)^-2)^3),1.5977418396867097e-77,18,0.016030360089992667,div,TRASH_BROAD_GRAMMAR
20,lambda_e2_over_mec2,13,(pi)/((((((3)^-3)^2)^3)^3)^-3),1.5977418396867095e-77,18,0.016030360089992785,div,TRASH_BROAD_GRAMMAR
20,lambda_e2_over_mec2,14,(pi)/((((((3)^-3)^3)^2)^3)^-3),1.5977418396867095e-77,18,0.016030360089992785,div,TRASH_BROAD_GRAMMAR
20,lambda_e2_over_mec2,15,(pi)/((((((3)^-3)^3)^3)^2)^-3),1.5977418396867095e-77,18,0.016030360089992785,div,TRASH_BROAD_GRAMMAR
20,lambda_e2_over_mec2,16,(((((1/3)^3)^3)^3)^3)^2 * pi,1.5977418396866986e-77,16,0.01603036008999952,mul,TRASH_BROAD_GRAMMAR
20,lambda_e2_over_mec2,17,(pi)/((((((3)^3)^3)^3)^3)^2),1.5977418396866986e-77,16,0.01603036008999952,div,TRASH_BROAD_GRAMMAR
20,lambda_e2_over_mec2,18,(((((3)^2)^3)^3)^3)^-3 * pi,1.5977418396866986e-77,17,0.01603036008999952,mul,TRASH_BROAD_GRAMMAR
20,lambda_e2_over_mec2,19,(((((3)^3)^2)^3)^3)^-3 * pi,1.5977418396866986e-77,17,0.01603036008999952,mul,TRASH_BROAD_GRAMMAR
20,lambda_e2_over_mec2,20,(((((3)^3)^3)^2)^3)^-3 * pi,1.5977418396866986e-77,17,0.01603036008999952,mul,TRASH_BROAD_GRAMMAR
20,lambda_e2_over_mec2,21,(((((3)^3)^3)^3)^2)^-3 * pi,1.5977418396866986e-77,17,0.01603036008999952,mul,TRASH_BROAD_GRAMMAR
20,lambda_e2_over_mec2,22,(pi)/((((((3)^2)^3)^3)^3)^3),1.5977418396866984e-77,16,0.016030360089999637,div,TRASH_BROAD_GRAMMAR
20,lambda_e2_over_mec2,23,(pi)/((((((3)^3)^2)^3)^3)^3),1.5977418396866984e-77,16,0.016030360089999637,div,TRASH_BROAD_GRAMMAR
20,lambda_e2_over_mec2,24,(pi)/((((((3)^3)^3)^2)^3)^3),1.5977418396866984e-77,16,0.016030360089999637,div,TRASH_BROAD_GRAMMAR
20,lambda_e2_over_mec2,25,(pi)/((((((3)^3)^3)^3)^2)^3),1.5977418396866984e-77,16,0.016030360089999637,div,TRASH_BROAD_GRAMMAR
30,lambda_e2_over_mec2,1,4/3 * alpha^36 * exp((4)*alpha),1.6276739038621195e-77,28,0.0024033077760352703,alpha_exp_family,SIBLING_ALPHA_FAMILY_OTHER
30,lambda_e2_over_mec2,2,4/3 * alpha^36 * exp((3)*alpha),1.6158394262125398e-77,27,0.00488495771350298,alpha_exp_family,SIBLING_ALPHA_FAMILY_OTHER
30,lambda_e2_over_mec2,3,(((((5)^2)^2)^3)^3 * e)^-3,1.6156827417632415e-77,17,0.0049814518637630424,pow,TRASH_BROAD_GRAMMAR
30,lambda_e2_over_mec2,4,(((((5)^2)^3)^2)^3 * e)^-3,1.6156827417632415e-77,17,0.0049814518637630424,pow,TRASH_BROAD_GRAMMAR
30,lambda_e2_over_mec2,5,(((((5)^2)^3)^3)^2 * e)^-3,1.6156827417632415e-77,17,0.0049814518637630424,pow,TRASH_BROAD_GRAMMAR
30,lambda_e2_over_mec2,6,(((((5)^3)^2)^2)^3 * e)^-3,1.6156827417632415e-77,17,0.0049814518637630424,pow,TRASH_BROAD_GRAMMAR
30,lambda_e2_over_mec2,7,(((((5)^3)^2)^3)^2 * e)^-3,1.6156827417632415e-77,17,0.0049814518637630424,pow,TRASH_BROAD_GRAMMAR
30,lambda_e2_over_mec2,8,(((((5)^3)^3)^2)^2 * e)^-3,1.6156827417632415e-77,17,0.0049814518637630424,pow,TRASH_BROAD_GRAMMAR
30,lambda_e2_over_mec2,9,((((((5)^-3)^2)^3)^2)/(e))^3,1.6156827417632406e-77,17,0.004981451863763633,pow,TRASH_BROAD_GRAMMAR
30,lambda_e2_over_mec2,10,4/3 * alpha^36 * exp((5/2)*alpha),1.6099544938536575e-77,29,0.008509194514611998,alpha_exp_family,SIBLING_ALPHA_FAMILY_OTHER
30,lambda_e2_over_mec2,11,4/3 * alpha^36 * exp((5)*alpha),1.6395950577364316e-77,28,0.009744952836365369,alpha_exp_family,SIBLING_ALPHA_FAMILY_OTHER
30,lambda_e2_over_mec2,12,4/3 * alpha^36 * exp((2)*alpha),1.6040909945829316e-77,27,0.012120231743980706,alpha_exp_family,SIBLING_ALPHA_FAMILY_OTHER
30,lambda_e2_over_mec2,13,4/3 * alpha^36 * exp((3/2)*alpha),1.5982488503404561e-77,28,0.015718117474818202,alpha_exp_family,SIBLING_ALPHA_FAMILY_OTHER
30,lambda_e2_over_mec2,14,(pi)/((((((3)^-3)^-3)^3)^3)^2),1.59774183968671e-77,18,0.01603036008999243,div,TRASH_BROAD_GRAMMAR
30,lambda_e2_over_mec2,15,(pi)/((((((3)^-3)^-3)^3)^2)^3),1.5977418396867097e-77,18,0.016030360089992667,div,TRASH_BROAD_GRAMMAR
30,lambda_e2_over_mec2,16,(pi)/((((((3)^-3)^2)^3)^-3)^3),1.5977418396867097e-77,18,0.016030360089992667,div,TRASH_BROAD_GRAMMAR
30,lambda_e2_over_mec2,17,(pi)/((((((3)^-3)^3)^2)^-3)^3),1.5977418396867097e-77,18,0.016030360089992667,div,TRASH_BROAD_GRAMMAR
30,lambda_e2_over_mec2,18,(pi)/((((((3)^-3)^3)^3)^-2)^3),1.5977418396867097e-77,18,0.016030360089992667,div,TRASH_BROAD_GRAMMAR
30,lambda_e2_over_mec2,19,(pi)/((((((3)^-3)^2)^3)^3)^-3),1.5977418396867095e-77,18,0.016030360089992785,div,TRASH_BROAD_GRAMMAR
30,lambda_e2_over_mec2,20,(pi)/((((((3)^-3)^3)^2)^3)^-3),1.5977418396867095e-77,18,0.016030360089992785,div,TRASH_BROAD_GRAMMAR
30,lambda_e2_over_mec2,21,(pi)/((((((3)^-3)^3)^3)^2)^-3),1.5977418396867095e-77,18,0.016030360089992785,div,TRASH_BROAD_GRAMMAR
30,lambda_e2_over_mec2,22,(((((3)^2)^3)^3)^3)^-3 * pi,1.5977418396866986e-77,17,0.01603036008999952,mul,TRASH_BROAD_GRAMMAR
30,lambda_e2_over_mec2,23,(((((3)^3)^2)^3)^3)^-3 * pi,1.5977418396866986e-77,17,0.01603036008999952,mul,TRASH_BROAD_GRAMMAR
30,lambda_e2_over_mec2,24,(((((3)^3)^3)^2)^3)^-3 * pi,1.5977418396866986e-77,17,0.01603036008999952,mul,TRASH_BROAD_GRAMMAR
30,lambda_e2_over_mec2,25,(((((3)^3)^3)^3)^2)^-3 * pi,1.5977418396866986e-77,17,0.01603036008999952,mul,TRASH_BROAD_GRAMMAR
40,lambda_e2_over_mec2,1,4/3 * alpha^36 * exp((4)*alpha),1.6276739038621195e-77,28,0.0024033077760352703,alpha_exp_family,SIBLING_ALPHA_FAMILY_OTHER
40,lambda_e2_over_mec2,2,4/3 * alpha^36 * exp((3)*alpha),1.6158394262125398e-77,27,0.00488495771350298,alpha_exp_family,SIBLING_ALPHA_FAMILY_OTHER
40,lambda_e2_over_mec2,3,(((((5)^2)^2)^3)^3 * e)^-3,1.6156827417632415e-77,17,0.0049814518637630424,pow,TRASH_BROAD_GRAMMAR
40,lambda_e2_over_mec2,4,(((((5)^2)^3)^2)^3 * e)^-3,1.6156827417632415e-77,17,0.0049814518637630424,pow,TRASH_BROAD_GRAMMAR
40,lambda_e2_over_mec2,5,(((((5)^2)^3)^3)^2 * e)^-3,1.6156827417632415e-77,17,0.0049814518637630424,pow,TRASH_BROAD_GRAMMAR
40,lambda_e2_over_mec2,6,(((((5)^3)^2)^2)^3 * e)^-3,1.6156827417632415e-77,17,0.0049814518637630424,pow,TRASH_BROAD_GRAMMAR
40,lambda_e2_over_mec2,7,(((((5)^3)^2)^3)^2 * e)^-3,1.6156827417632415e-77,17,0.0049814518637630424,pow,TRASH_BROAD_GRAMMAR
40,lambda_e2_over_mec2,8,(((((5)^3)^3)^2)^2 * e)^-3,1.6156827417632415e-77,17,0.0049814518637630424,pow,TRASH_BROAD_GRAMMAR
40,lambda_e2_over_mec2,9,((((((5)^-3)^2)^3)^2)/(e))^3,1.6156827417632406e-77,17,0.004981451863763633,pow,TRASH_BROAD_GRAMMAR
40,lambda_e2_over_mec2,10,4/3 * alpha^36 * exp((5/2)*alpha),1.6099544938536575e-77,29,0.008509194514611998,alpha_exp_family,SIBLING_ALPHA_FAMILY_OTHER
40,lambda_e2_over_mec2,11,4/3 * alpha^36 * exp((5)*alpha),1.6395950577364316e-77,28,0.009744952836365369,alpha_exp_family,SIBLING_ALPHA_FAMILY_OTHER
40,lambda_e2_over_mec2,12,4/3 * alpha^36 * exp((2)*alpha),1.6040909945829316e-77,27,0.012120231743980706,alpha_exp_family,SIBLING_ALPHA_FAMILY_OTHER
40,lambda_e2_over_mec2,13,4/3 * alpha^36 * exp((3/2)*alpha),1.5982488503404561e-77,28,0.015718117474818202,alpha_exp_family,SIBLING_ALPHA_FAMILY_OTHER
40,lambda_e2_over_mec2,14,(pi)/((((((3)^-3)^-3)^3)^3)^2),1.59774183968671e-77,18,0.01603036008999243,div,TRASH_BROAD_GRAMMAR
40,lambda_e2_over_mec2,15,(pi)/((((((3)^-3)^-3)^3)^2)^3),1.5977418396867097e-77,18,0.016030360089992667,div,TRASH_BROAD_GRAMMAR
40,lambda_e2_over_mec2,16,(pi)/((((((3)^-3)^2)^3)^-3)^3),1.5977418396867097e-77,18,0.016030360089992667,div,TRASH_BROAD_GRAMMAR
40,lambda_e2_over_mec2,17,(pi)/((((((3)^-3)^3)^2)^-3)^3),1.5977418396867097e-77,18,0.016030360089992667,div,TRASH_BROAD_GRAMMAR
40,lambda_e2_over_mec2,18,(pi)/((((((3)^-3)^3)^3)^-2)^3),1.5977418396867097e-77,18,0.016030360089992667,div,TRASH_BROAD_GRAMMAR
40,lambda_e2_over_mec2,19,(pi)/((((((3)^-3)^2)^3)^3)^-3),1.5977418396867095e-77,18,0.016030360089992785,div,TRASH_BROAD_GRAMMAR
40,lambda_e2_over_mec2,20,(pi)/((((((3)^-3)^3)^2)^3)^-3),1.5977418396867095e-77,18,0.016030360089992785,div,TRASH_BROAD_GRAMMAR
40,lambda_e2_over_mec2,21,(pi)/((((((3)^-3)^3)^3)^2)^-3),1.5977418396867095e-77,18,0.016030360089992785,div,TRASH_BROAD_GRAMMAR
40,lambda_e2_over_mec2,22,(((((3)^2)^3)^3)^3)^-3 * pi,1.5977418396866986e-77,17,0.01603036008999952,mul,TRASH_BROAD_GRAMMAR
40,lambda_e2_over_mec2,23,(((((3)^3)^2)^3)^3)^-3 * pi,1.5977418396866986e-77,17,0.01603036008999952,mul,TRASH_BROAD_GRAMMAR
40,lambda_e2_over_mec2,24,(((((3)^3)^3)^2)^3)^-3 * pi,1.5977418396866986e-77,17,0.01603036008999952,mul,TRASH_BROAD_GRAMMAR
40,lambda_e2_over_mec2,25,(((((3)^3)^3)^3)^2)^-3 * pi,1.5977418396866986e-77,17,0.01603036008999952,mul,TRASH_BROAD_GRAMMAR
20,sin_theta_c,1,(3/4)^2 * 2/5,0.225,12,0.0,mul,TRASH_BROAD_GRAMMAR
20,sin_theta_c,2,(4/3)^-2 * 2/5,0.225,13,0.0,mul,TRASH_BROAD_GRAMMAR
20,sin_theta_c,3,1/4 * 2/4 + 2/5,0.225,16,0.0,mul,TRASH_BROAD_GRAMMAR
20,sin_theta_c,4,(pi)-(5/3 + 5/4),0.22492598692312615,16,0.00032894700832823237,sub,TRASH_BROAD_GRAMMAR
20,sin_theta_c,5,exp((alpha)-(3/2)),0.22476437506507735,12,0.0010472219329895863,exp,TRASH_BROAD_GRAMMAR
20,sin_theta_c,6,log(log(1/2 + 3)),0.22535148682596154,13,0.0015621636709401482,log,TRASH_BROAD_GRAMMAR
20,sin_theta_c,7,log(log(1 + 5/2)),0.22535148682596154,14,0.0015621636709401482,log,TRASH_BROAD_GRAMMAR
20,sin_theta_c,8,log(log(2 + 3/2)),0.22535148682596154,14,0.0015621636709401482,log,TRASH_BROAD_GRAMMAR
20,sin_theta_c,9,log(log(2/4 + 3)),0.22535148682596154,15,0.0015621636709401482,log,TRASH_BROAD_GRAMMAR
20,sin_theta_c,10,log(log(4/4 + 5/2)),0.22535148682596154,18,0.0015621636709401482,log,TRASH_BROAD_GRAMMAR
20,sin_theta_c,11,log(log(5/2 + 5/5)),0.22535148682596154,18,0.0015621636709401482,log,TRASH_BROAD_GRAMMAR
20,sin_theta_c,12,(3)-(e) * 4/5,0.22537453723276393,14,0.0016646099233952327,mul,TRASH_BROAD_GRAMMAR
20,sin_theta_c,13,(2 + e)^-2 * 5,0.22459611922578182,14,0.0017950256631919328,mul,TRASH_BROAD_GRAMMAR
20,sin_theta_c,14,(exp(4/5))-(2),0.22554092849246787,13,0.002404126633190525,sub,TRASH_BROAD_GRAMMAR
20,sin_theta_c,15,(5/3)/((e)^2),0.22555880539435452,10,0.002483579530464519,div,TRASH_BROAD_GRAMMAR
20,sin_theta_c,16,(e)^-2 * 5/3,0.22555880539435452,11,0.002483579530464519,mul,TRASH_BROAD_GRAMMAR
20,sin_theta_c,17,(5/3)/(e * e),0.22555880539435452,13,0.002483579530464519,div,TRASH_BROAD_GRAMMAR
20,sin_theta_c,18,exp(((2)-(pi))^3),0.22587757797771196,12,0.0039003465676086995,exp,TRASH_BROAD_GRAMMAR
20,sin_theta_c,19,(3/5)^3 + (5)^-3,0.224,15,0.004444444444444448,add,TRASH_BROAD_GRAMMAR
20,sin_theta_c,20,(5)^-3 * 3 + 1/5,0.224,16,0.004444444444444448,add,TRASH_BROAD_GRAMMAR
20,sin_theta_c,21,(((pi)-(3/2))^-1)^3,0.22604962989900754,11,0.0046650217733668065,pow,TRASH_BROAD_GRAMMAR
20,sin_theta_c,22,exp((4/5 * pi)-(4)),0.22611176260904564,18,0.004941167151313936,exp,TRASH_BROAD_GRAMMAR
20,sin_theta_c,23,(pi)^3 * alpha,0.22626373279691028,10,0.005616590208490121,mul,TRASH_BROAD_GRAMMAR
20,sin_theta_c,24,(1/2)^3 + (pi)^-2,0.22632118364233778,11,0.005871927299278977,add,TRASH_BROAD_GRAMMAR
20,sin_theta_c,25,(2)^-3 + (pi)^-2,0.22632118364233778,12,0.005871927299278977,add,TRASH_BROAD_GRAMMAR
30,sin_theta_c,1,(3/4)^2 * 2/5,0.225,12,0.0,mul,TRASH_BROAD_GRAMMAR
30,sin_theta_c,2,(4/3)^-2 * 2/5,0.225,13,0.0,mul,TRASH_BROAD_GRAMMAR
30,sin_theta_c,3,1/4 * 2/4 + 2/5,0.225,16,0.0,mul,TRASH_BROAD_GRAMMAR
30,sin_theta_c,4,(pi)-(5/3 + 5/4),0.22492598692312615,16,0.00032894700832823237,sub,TRASH_BROAD_GRAMMAR
30,sin_theta_c,5,exp((alpha)-(3/2)),0.22476437506507735,12,0.0010472219329895863,exp,TRASH_BROAD_GRAMMAR
30,sin_theta_c,6,log(log(1/2 + 3)),0.22535148682596154,13,0.0015621636709401482,log,TRASH_BROAD_GRAMMAR
30,sin_theta_c,7,log(log(1 + 5/2)),0.22535148682596154,14,0.0015621636709401482,log,TRASH_BROAD_GRAMMAR
30,sin_theta_c,8,log(log(2 + 3/2)),0.22535148682596154,14,0.0015621636709401482,log,TRASH_BROAD_GRAMMAR
30,sin_theta_c,9,log(log(2/4 + 3)),0.22535148682596154,15,0.0015621636709401482,log,TRASH_BROAD_GRAMMAR
30,sin_theta_c,10,log(log(4/4 + 5/2)),0.22535148682596154,18,0.0015621636709401482,log,TRASH_BROAD_GRAMMAR
30,sin_theta_c,11,log(log(5/2 + 5/5)),0.22535148682596154,18,0.0015621636709401482,log,TRASH_BROAD_GRAMMAR
30,sin_theta_c,12,(3)-(e) * 4/5,0.22537453723276393,14,0.0016646099233952327,mul,TRASH_BROAD_GRAMMAR
30,sin_theta_c,13,(2 + e)^-2 * 5,0.22459611922578182,14,0.0017950256631919328,mul,TRASH_BROAD_GRAMMAR
30,sin_theta_c,14,(exp(4/5))-(2),0.22554092849246787,13,0.002404126633190525,sub,TRASH_BROAD_GRAMMAR
30,sin_theta_c,15,(5/3)/((e)^2),0.22555880539435452,10,0.002483579530464519,div,TRASH_BROAD_GRAMMAR
30,sin_theta_c,16,(e)^-2 * 5/3,0.22555880539435452,11,0.002483579530464519,mul,TRASH_BROAD_GRAMMAR
30,sin_theta_c,17,(5/3)/(e * e),0.22555880539435452,13,0.002483579530464519,div,TRASH_BROAD_GRAMMAR
30,sin_theta_c,18,exp(((2)-(pi))^3),0.22587757797771196,12,0.0039003465676086995,exp,TRASH_BROAD_GRAMMAR
30,sin_theta_c,19,(3/5)^3 + (5)^-3,0.224,15,0.004444444444444448,add,TRASH_BROAD_GRAMMAR
30,sin_theta_c,20,(5)^-3 * 3 + 1/5,0.224,16,0.004444444444444448,add,TRASH_BROAD_GRAMMAR
30,sin_theta_c,21,(((pi)-(3/2))^-1)^3,0.22604962989900754,11,0.0046650217733668065,pow,TRASH_BROAD_GRAMMAR
30,sin_theta_c,22,exp((4/5 * pi)-(4)),0.22611176260904564,18,0.004941167151313936,exp,TRASH_BROAD_GRAMMAR
30,sin_theta_c,23,(pi)^3 * alpha,0.22626373279691028,10,0.005616590208490121,mul,TRASH_BROAD_GRAMMAR
30,sin_theta_c,24,(1/2)^3 + (pi)^-2,0.22632118364233778,11,0.005871927299278977,add,TRASH_BROAD_GRAMMAR
30,sin_theta_c,25,(2)^-3 + (pi)^-2,0.22632118364233778,12,0.005871927299278977,add,TRASH_BROAD_GRAMMAR
40,sin_theta_c,1,(3/4)^2 * 2/5,0.225,12,0.0,mul,TRASH_BROAD_GRAMMAR
40,sin_theta_c,2,(4/3)^-2 * 2/5,0.225,13,0.0,mul,TRASH_BROAD_GRAMMAR
40,sin_theta_c,3,1/4 * 2/4 + 2/5,0.225,16,0.0,mul,TRASH_BROAD_GRAMMAR
40,sin_theta_c,4,(pi)-(5/3 + 5/4),0.22492598692312615,16,0.00032894700832823237,sub,TRASH_BROAD_GRAMMAR
40,sin_theta_c,5,exp((alpha)-(3/2)),0.22476437506507735,12,0.0010472219329895863,exp,TRASH_BROAD_GRAMMAR
40,sin_theta_c,6,log(log(1/2 + 3)),0.22535148682596154,13,0.0015621636709401482,log,TRASH_BROAD_GRAMMAR
40,sin_theta_c,7,log(log(1 + 5/2)),0.22535148682596154,14,0.0015621636709401482,log,TRASH_BROAD_GRAMMAR
40,sin_theta_c,8,log(log(2 + 3/2)),0.22535148682596154,14,0.0015621636709401482,log,TRASH_BROAD_GRAMMAR
40,sin_theta_c,9,log(log(2/4 + 3)),0.22535148682596154,15,0.0015621636709401482,log,TRASH_BROAD_GRAMMAR
40,sin_theta_c,10,log(log(4/4 + 5/2)),0.22535148682596154,18,0.0015621636709401482,log,TRASH_BROAD_GRAMMAR
40,sin_theta_c,11,log(log(5/2 + 5/5)),0.22535148682596154,18,0.0015621636709401482,log,TRASH_BROAD_GRAMMAR
40,sin_theta_c,12,(3)-(e) * 4/5,0.22537453723276393,14,0.0016646099233952327,mul,TRASH_BROAD_GRAMMAR
40,sin_theta_c,13,(2 + e)^-2 * 5,0.22459611922578182,14,0.0017950256631919328,mul,TRASH_BROAD_GRAMMAR
40,sin_theta_c,14,(exp(4/5))-(2),0.22554092849246787,13,0.002404126633190525,sub,TRASH_BROAD_GRAMMAR
40,sin_theta_c,15,(5/3)/((e)^2),0.22555880539435452,10,0.002483579530464519,div,TRASH_BROAD_GRAMMAR
40,sin_theta_c,16,(e)^-2 * 5/3,0.22555880539435452,11,0.002483579530464519,mul,TRASH_BROAD_GRAMMAR
40,sin_theta_c,17,(5/3)/(e * e),0.22555880539435452,13,0.002483579530464519,div,TRASH_BROAD_GRAMMAR
40,sin_theta_c,18,exp(((2)-(pi))^3),0.22587757797771196,12,0.0039003465676086995,exp,TRASH_BROAD_GRAMMAR
40,sin_theta_c,19,(3/5)^3 + (5)^-3,0.224,15,0.004444444444444448,add,TRASH_BROAD_GRAMMAR
40,sin_theta_c,20,(5)^-3 * 3 + 1/5,0.224,16,0.004444444444444448,add,TRASH_BROAD_GRAMMAR
40,sin_theta_c,21,(((pi)-(3/2))^-1)^3,0.22604962989900754,11,0.0046650217733668065,pow,TRASH_BROAD_GRAMMAR
40,sin_theta_c,22,exp((4/5 * pi)-(4)),0.22611176260904564,18,0.004941167151313936,exp,TRASH_BROAD_GRAMMAR
40,sin_theta_c,23,(pi)^3 * alpha,0.22626373279691028,10,0.005616590208490121,mul,TRASH_BROAD_GRAMMAR
40,sin_theta_c,24,(1/2)^3 + (pi)^-2,0.22632118364233778,11,0.005871927299278977,add,TRASH_BROAD_GRAMMAR
40,sin_theta_c,25,(2)^-3 + (pi)^-2,0.22632118364233778,12,0.005871927299278977,add,TRASH_BROAD_GRAMMAR
20,sin2_theta_w,1,(4)^-3 * 2 + 1/5,0.23125,16,0.0001730028977985911,add,TRASH_BROAD_GRAMMAR
20,sin2_theta_w,2,(pi)/(5 * e),0.23114546995818436,12,0.0002790971057291699,div,TRASH_BROAD_GRAMMAR
20,sin2_theta_w,3,(log(2))/(3),0.23104906018664842,10,0.0006960763520244772,div,TRASH_BROAD_GRAMMAR
20,sin2_theta_w,4,1/3 * log(2),0.23104906018664842,10,0.0006960763520244772,mul,TRASH_BROAD_GRAMMAR
20,sin2_theta_w,5,((1/3)^-1)^-1 * log(2),0.23104906018664842,12,0.0006960763520244772,mul,TRASH_BROAD_GRAMMAR
20,sin2_theta_w,6,(log(1 + 2/2))/(3),0.23104906018664842,14,0.0006960763520244772,div,TRASH_BROAD_GRAMMAR
20,sin2_theta_w,7,(log(1 + 3/3))/(3),0.23104906018664842,14,0.0006960763520244772,div,TRASH_BROAD_GRAMMAR
20,sin2_theta_w,8,(3)^-3 * 5 * 5/4,0.2314814814814815,18,0.001174177074873541,mul,TRASH_BROAD_GRAMMAR
20,sin2_theta_w,9,(3)^-3 * 5 + 5/4,0.2314814814814815,18,0.001174177074873541,mul,TRASH_BROAD_GRAMMAR
20,sin2_theta_w,10,((log(2))^2)^2,0.2308350985830834,8,0.001621475787883722,pow,TRASH_BROAD_GRAMMAR
20,sin2_theta_w,11,((log(1/2))^2)^2,0.2308350985830834,8,0.001621475787883722,pow,TRASH_BROAD_GRAMMAR
20,sin2_theta_w,12,(1/3 + 4)^-1,0.23076923076923078,9,0.001906358854587677,pow,TRASH_BROAD_GRAMMAR
20,sin2_theta_w,13,(3 + 4/3)^-1,0.23076923076923078,10,0.001906358854587677,pow,TRASH_BROAD_GRAMMAR
20,sin2_theta_w,14,(4)-(e * log(4)),0.23166122927255994,16,0.0019515992931099185,sub,TRASH_BROAD_GRAMMAR
20,sin2_theta_w,15,4 + e * log(1/4),0.23166122927255994,16,0.0019515992931099185,add,TRASH_BROAD_GRAMMAR
20,sin2_theta_w,16,exp((1/5)-(5/3)),0.2306931822549628,13,0.002235274188128547,exp,TRASH_BROAD_GRAMMAR
20,sin2_theta_w,17,exp((((pi)^-1)-(1))^-1),0.23062962575268892,11,0.002510160664811569,exp,TRASH_BROAD_GRAMMAR
20,sin2_theta_w,18,exp((((pi)^-1)-((1)^2))^-1),0.23062962575268892,12,0.002510160664811569,exp,TRASH_BROAD_GRAMMAR
20,sin2_theta_w,19,exp((((pi)^-1)-((1)^-1))^-1),0.23062962575268892,12,0.002510160664811569,exp,TRASH_BROAD_GRAMMAR
20,sin2_theta_w,20,(3/5 * e)^-3,0.23049568688825908,12,0.003089455956666737,pow,TRASH_BROAD_GRAMMAR
20,sin2_theta_w,21,((e)/(5/3))^-3,0.23049568688825908,12,0.003089455956666737,pow,TRASH_BROAD_GRAMMAR
20,sin2_theta_w,22,((5/3)/(e))^3,0.23049568688825905,11,0.003089455956666857,pow,TRASH_BROAD_GRAMMAR
20,sin2_theta_w,23,((5)/(3 * e))^3,0.23049568688825892,14,0.003089455956667457,pow,TRASH_BROAD_GRAMMAR
20,sin2_theta_w,24,(5)^-3 * 4 + 1/5,0.232,17,0.0034168072315211837,add,TRASH_BROAD_GRAMMAR
20,sin2_theta_w,25,(5)^-2 * 4/5 + 5,0.23200000000000004,18,0.003416807231521304,mul,TRASH_BROAD_GRAMMAR
30,sin2_theta_w,1,(4)^-3 * 2 + 1/5,0.23125,16,0.0001730028977985911,add,TRASH_BROAD_GRAMMAR
30,sin2_theta_w,2,(pi)/(5 * e),0.23114546995818436,12,0.0002790971057291699,div,TRASH_BROAD_GRAMMAR
30,sin2_theta_w,3,(log(2))/(3),0.23104906018664842,10,0.0006960763520244772,div,TRASH_BROAD_GRAMMAR
30,sin2_theta_w,4,1/3 * log(2),0.23104906018664842,10,0.0006960763520244772,mul,TRASH_BROAD_GRAMMAR
30,sin2_theta_w,5,((1/3)^-1)^-1 * log(2),0.23104906018664842,12,0.0006960763520244772,mul,TRASH_BROAD_GRAMMAR
30,sin2_theta_w,6,(log(1 + 2/2))/(3),0.23104906018664842,14,0.0006960763520244772,div,TRASH_BROAD_GRAMMAR
30,sin2_theta_w,7,(log(1 + 3/3))/(3),0.23104906018664842,14,0.0006960763520244772,div,TRASH_BROAD_GRAMMAR
30,sin2_theta_w,8,(3)^-3 * 5 * 5/4,0.2314814814814815,18,0.001174177074873541,mul,TRASH_BROAD_GRAMMAR
30,sin2_theta_w,9,(3)^-3 * 5 + 5/4,0.2314814814814815,18,0.001174177074873541,mul,TRASH_BROAD_GRAMMAR
30,sin2_theta_w,10,((log(2))^2)^2,0.2308350985830834,8,0.001621475787883722,pow,TRASH_BROAD_GRAMMAR
30,sin2_theta_w,11,((log(1/2))^2)^2,0.2308350985830834,8,0.001621475787883722,pow,TRASH_BROAD_GRAMMAR
30,sin2_theta_w,12,(1/3 + 4)^-1,0.23076923076923078,9,0.001906358854587677,pow,TRASH_BROAD_GRAMMAR
30,sin2_theta_w,13,(3 + 4/3)^-1,0.23076923076923078,10,0.001906358854587677,pow,TRASH_BROAD_GRAMMAR
30,sin2_theta_w,14,(4)-(e * log(4)),0.23166122927255994,16,0.0019515992931099185,sub,TRASH_BROAD_GRAMMAR
30,sin2_theta_w,15,4 + e * log(1/4),0.23166122927255994,16,0.0019515992931099185,add,TRASH_BROAD_GRAMMAR
30,sin2_theta_w,16,exp((1/5)-(5/3)),0.2306931822549628,13,0.002235274188128547,exp,TRASH_BROAD_GRAMMAR
30,sin2_theta_w,17,exp((((pi)^-1)-(1))^-1),0.23062962575268892,11,0.002510160664811569,exp,TRASH_BROAD_GRAMMAR
30,sin2_theta_w,18,exp((((pi)^-1)-((1)^2))^-1),0.23062962575268892,12,0.002510160664811569,exp,TRASH_BROAD_GRAMMAR
30,sin2_theta_w,19,exp((((pi)^-1)-((1)^-1))^-1),0.23062962575268892,12,0.002510160664811569,exp,TRASH_BROAD_GRAMMAR
30,sin2_theta_w,20,(3/5 * e)^-3,0.23049568688825908,12,0.003089455956666737,pow,TRASH_BROAD_GRAMMAR
30,sin2_theta_w,21,((e)/(5/3))^-3,0.23049568688825908,12,0.003089455956666737,pow,TRASH_BROAD_GRAMMAR
30,sin2_theta_w,22,((5/3)/(e))^3,0.23049568688825905,11,0.003089455956666857,pow,TRASH_BROAD_GRAMMAR
30,sin2_theta_w,23,((5)/(3 * e))^3,0.23049568688825892,14,0.003089455956667457,pow,TRASH_BROAD_GRAMMAR
30,sin2_theta_w,24,(5)^-3 * 4 + 1/5,0.232,17,0.0034168072315211837,add,TRASH_BROAD_GRAMMAR
30,sin2_theta_w,25,(5)^-2 * 4/5 + 5,0.23200000000000004,18,0.003416807231521304,mul,TRASH_BROAD_GRAMMAR
40,sin2_theta_w,1,(4)^-3 * 2 + 1/5,0.23125,16,0.0001730028977985911,add,TRASH_BROAD_GRAMMAR
40,sin2_theta_w,2,(pi)/(5 * e),0.23114546995818436,12,0.0002790971057291699,div,TRASH_BROAD_GRAMMAR
40,sin2_theta_w,3,(log(2))/(3),0.23104906018664842,10,0.0006960763520244772,div,TRASH_BROAD_GRAMMAR
40,sin2_theta_w,4,1/3 * log(2),0.23104906018664842,10,0.0006960763520244772,mul,TRASH_BROAD_GRAMMAR
40,sin2_theta_w,5,((1/3)^-1)^-1 * log(2),0.23104906018664842,12,0.0006960763520244772,mul,TRASH_BROAD_GRAMMAR
40,sin2_theta_w,6,(log(1 + 2/2))/(3),0.23104906018664842,14,0.0006960763520244772,div,TRASH_BROAD_GRAMMAR
40,sin2_theta_w,7,(log(1 + 3/3))/(3),0.23104906018664842,14,0.0006960763520244772,div,TRASH_BROAD_GRAMMAR
40,sin2_theta_w,8,(3)^-3 * 5 * 5/4,0.2314814814814815,18,0.001174177074873541,mul,TRASH_BROAD_GRAMMAR
40,sin2_theta_w,9,(3)^-3 * 5 + 5/4,0.2314814814814815,18,0.001174177074873541,mul,TRASH_BROAD_GRAMMAR
40,sin2_theta_w,10,((log(2))^2)^2,0.2308350985830834,8,0.001621475787883722,pow,TRASH_BROAD_GRAMMAR
40,sin2_theta_w,11,((log(1/2))^2)^2,0.2308350985830834,8,0.001621475787883722,pow,TRASH_BROAD_GRAMMAR
40,sin2_theta_w,12,(1/3 + 4)^-1,0.23076923076923078,9,0.001906358854587677,pow,TRASH_BROAD_GRAMMAR
40,sin2_theta_w,13,(3 + 4/3)^-1,0.23076923076923078,10,0.001906358854587677,pow,TRASH_BROAD_GRAMMAR
40,sin2_theta_w,14,(4)-(e * log(4)),0.23166122927255994,16,0.0019515992931099185,sub,TRASH_BROAD_GRAMMAR
40,sin2_theta_w,15,4 + e * log(1/4),0.23166122927255994,16,0.0019515992931099185,add,TRASH_BROAD_GRAMMAR
40,sin2_theta_w,16,exp((1/5)-(5/3)),0.2306931822549628,13,0.002235274188128547,exp,TRASH_BROAD_GRAMMAR
40,sin2_theta_w,17,exp((((pi)^-1)-(1))^-1),0.23062962575268892,11,0.002510160664811569,exp,TRASH_BROAD_GRAMMAR
40,sin2_theta_w,18,exp((((pi)^-1)-((1)^2))^-1),0.23062962575268892,12,0.002510160664811569,exp,TRASH_BROAD_GRAMMAR
40,sin2_theta_w,19,exp((((pi)^-1)-((1)^-1))^-1),0.23062962575268892,12,0.002510160664811569,exp,TRASH_BROAD_GRAMMAR
40,sin2_theta_w,20,(3/5 * e)^-3,0.23049568688825908,12,0.003089455956666737,pow,TRASH_BROAD_GRAMMAR
40,sin2_theta_w,21,((e)/(5/3))^-3,0.23049568688825908,12,0.003089455956666737,pow,TRASH_BROAD_GRAMMAR
40,sin2_theta_w,22,((5/3)/(e))^3,0.23049568688825905,11,0.003089455956666857,pow,TRASH_BROAD_GRAMMAR
40,sin2_theta_w,23,((5)/(3 * e))^3,0.23049568688825892,14,0.003089455956667457,pow,TRASH_BROAD_GRAMMAR
40,sin2_theta_w,24,(5)^-3 * 4 + 1/5,0.232,17,0.0034168072315211837,add,TRASH_BROAD_GRAMMAR
40,sin2_theta_w,25,(5)^-2 * 4/5 + 5,0.23200000000000004,18,0.003416807231521304,mul,TRASH_BROAD_GRAMMAR
